
--USE CaribbeanSoul;

insert into Provincia(numeroProvincia,nombre) values(1,'San Jose'); 
insert into Provincia(numeroProvincia,nombre) values(2,'Alajuela'); 
insert into Provincia(numeroProvincia,nombre) values(3,'Cartago'); 
insert into Provincia(numeroProvincia,nombre) values(4,'Heredia'); 
insert into Provincia(numeroProvincia,nombre) values(5,'Guanacaste'); 
insert into Provincia(numeroProvincia,nombre) values(6,'Puntarenas'); 
insert into Provincia(numeroProvincia,nombre) values(7,'Limon'); 


insert into Canton(numeroCanton,numeroProvincia,nombre) values(1,1,'San Jose'); 
insert into Canton(numeroCanton,numeroProvincia,nombre) values(2,1,'Escazu'); 
insert into Canton(numeroCanton,numeroProvincia,nombre) values(3,1,'Desamparados'); 
insert into Canton(numeroCanton,numeroProvincia,nombre) values(4,1,'Puriscal'); 
insert into Canton(numeroCanton,numeroProvincia,nombre) values(5,1,'Aserri'); 
insert into Canton(numeroCanton,numeroProvincia,nombre) values(6,1,'Mora'); 
insert into Canton(numeroCanton,numeroProvincia,nombre) values(7,1,'Goicoechea'); 
insert into Canton(numeroCanton,numeroProvincia,nombre) values(8,1,'Santa Ana'); 
insert into Canton(numeroCanton,numeroProvincia,nombre) values(9,1,'Alajuelita'); 
insert into Canton(numeroCanton,numeroProvincia,nombre) values(10,1,'Vasquez de Coronado'); 
insert into Canton(numeroCanton,numeroProvincia,nombre) values(11,1,'Acosta'); 
insert into Canton(numeroCanton,numeroProvincia,nombre) values(12,1,'Tibas'); 
insert into Canton(numeroCanton,numeroProvincia,nombre) values(13,1,'Moravia'); 
insert into Canton(numeroCanton,numeroProvincia,nombre) values(14,1,'Montes de Oca'); 
insert into Canton(numeroCanton,numeroProvincia,nombre) values(15,1,'Turrubares'); 
insert into Canton(numeroCanton,numeroProvincia,nombre) values(16,1,'Dota'); 
insert into Canton(numeroCanton,numeroProvincia,nombre) values(17,1,'Curridabat'); 
insert into Canton(numeroCanton,numeroProvincia,nombre) values(18,1,'Perez Zeledon'); 
insert into Canton(numeroCanton,numeroProvincia,nombre) values(19,1,'Leon Cortez'); 
insert into Canton(numeroCanton,numeroProvincia,nombre) values(1,2,'Alajuela'); 
insert into Canton(numeroCanton,numeroProvincia,nombre) values(2,2,'San Ramon'); 
insert into Canton(numeroCanton,numeroProvincia,nombre) values(3,2,'Grecia'); 
insert into Canton(numeroCanton,numeroProvincia,nombre) values(4,2,'San Mateo'); 
insert into Canton(numeroCanton,numeroProvincia,nombre) values(5,2,'Atenas'); 
insert into Canton(numeroCanton,numeroProvincia,nombre) values(6,2,'Naranjo'); 
insert into Canton(numeroCanton,numeroProvincia,nombre) values(7,2,'Palmares'); 
insert into Canton(numeroCanton,numeroProvincia,nombre) values(8,2,'Poas'); 
insert into Canton(numeroCanton,numeroProvincia,nombre) values(9,2,'Orotina'); 
insert into Canton(numeroCanton,numeroProvincia,nombre) values(10,2,'San Carlos'); 
insert into Canton(numeroCanton,numeroProvincia,nombre) values(11,2,'Alfaro Ruiz'); 
insert into Canton(numeroCanton,numeroProvincia,nombre) values(12,2,'Valverde Vega'); 
insert into Canton(numeroCanton,numeroProvincia,nombre) values(13,2,'Upala'); 
insert into Canton(numeroCanton,numeroProvincia,nombre) values(14,2,'Los Chiles'); 
insert into Canton(numeroCanton,numeroProvincia,nombre) values(15,2,'Guatuso'); 
insert into Canton(numeroCanton,numeroProvincia,nombre) values(1,3,'Cartago'); 
insert into Canton(numeroCanton,numeroProvincia,nombre) values(2,3,'Paraiso'); 
insert into Canton(numeroCanton,numeroProvincia,nombre) values(3,3,'La Union'); 
insert into Canton(numeroCanton,numeroProvincia,nombre) values(4,3,'Jimenez'); 
insert into Canton(numeroCanton,numeroProvincia,nombre) values(5,3,'Turrialba'); 
insert into Canton(numeroCanton,numeroProvincia,nombre) values(6,3,'Alvarado'); 
insert into Canton(numeroCanton,numeroProvincia,nombre) values(7,3,'Oreamuno'); 
insert into Canton(numeroCanton,numeroProvincia,nombre) values(8,3,'El Guarco'); 
insert into Canton(numeroCanton,numeroProvincia,nombre) values(1,4,'Heredia'); 
insert into Canton(numeroCanton,numeroProvincia,nombre) values(2,4,'Barva'); 
insert into Canton(numeroCanton,numeroProvincia,nombre) values(3,4,'Santo Domingo'); 
insert into Canton(numeroCanton,numeroProvincia,nombre) values(4,4,'Santa Barbara'); 
insert into Canton(numeroCanton,numeroProvincia,nombre) values(5,4,'San Rafael'); 
insert into Canton(numeroCanton,numeroProvincia,nombre) values(6,4,'San Isidro'); 
insert into Canton(numeroCanton,numeroProvincia,nombre) values(7,4,'Belen'); 
insert into Canton(numeroCanton,numeroProvincia,nombre) values(8,4,'Flores'); 
insert into Canton(numeroCanton,numeroProvincia,nombre) values(9,4,'San Pablo'); 
insert into Canton(numeroCanton,numeroProvincia,nombre) values(10,4,'Sarapiqui'); 
insert into Canton(numeroCanton,numeroProvincia,nombre) values(1,5,'Liberia'); 
insert into Canton(numeroCanton,numeroProvincia,nombre) values(2,5,'Nicoya'); 
insert into Canton(numeroCanton,numeroProvincia,nombre) values(3,5,'Santa Cruz'); 
insert into Canton(numeroCanton,numeroProvincia,nombre) values(4,5,'Bagaces'); 
insert into Canton(numeroCanton,numeroProvincia,nombre) values(5,5,'Carrillo'); 
insert into Canton(numeroCanton,numeroProvincia,nombre) values(6,5,'Cañas'); 
insert into Canton(numeroCanton,numeroProvincia,nombre) values(7,5,'Abangares'); 
insert into Canton(numeroCanton,numeroProvincia,nombre) values(8,5,'Tilaran'); 
insert into Canton(numeroCanton,numeroProvincia,nombre) values(9,5,'Nandayure'); 
insert into Canton(numeroCanton,numeroProvincia,nombre) values(10,5,'La Cruz'); 
insert into Canton(numeroCanton,numeroProvincia,nombre) values(11,5,'Hojancha'); 
insert into Canton(numeroCanton,numeroProvincia,nombre) values(1,6,'Puntarenas'); 
insert into Canton(numeroCanton,numeroProvincia,nombre) values(2,6,'Esparza'); 
insert into Canton(numeroCanton,numeroProvincia,nombre) values(3,6,'Buenos Aires'); 
insert into Canton(numeroCanton,numeroProvincia,nombre) values(4,6,'Montes de Oro'); 
insert into Canton(numeroCanton,numeroProvincia,nombre) values(5,6,'Osa'); 
insert into Canton(numeroCanton,numeroProvincia,nombre) values(6,6,'Aguirre'); 
insert into Canton(numeroCanton,numeroProvincia,nombre) values(7,6,'Golfito'); 
insert into Canton(numeroCanton,numeroProvincia,nombre) values(8,6,'Coto Brus'); 
insert into Canton(numeroCanton,numeroProvincia,nombre) values(9,6,'Parrita'); 
insert into Canton(numeroCanton,numeroProvincia,nombre) values(10,6,'Corredores'); 
insert into Canton(numeroCanton,numeroProvincia,nombre) values(11,6,'Garabito'); 
insert into Canton(numeroCanton,numeroProvincia,nombre) values(1,7,'Limon'); 
insert into Canton(numeroCanton,numeroProvincia,nombre) values(2,7,'Pococi'); 
insert into Canton(numeroCanton,numeroProvincia,nombre) values(3,7,'Siquirres'); 
insert into Canton(numeroCanton,numeroProvincia,nombre) values(4,7,'Talamanca'); 
insert into Canton(numeroCanton,numeroProvincia,nombre) values(5,7,'Matina'); 
insert into Canton(numeroCanton,numeroProvincia,nombre) values(6,7,'Guacimo'); 

insert into Distrito(numeroDistrito,numeroCanton,numeroProvincia,nombre) values(1,1,1,'Carmen'); 
insert into Distrito(numeroDistrito,numeroCanton,numeroProvincia,nombre) values(2,1,1,'Merced'); 
insert into Distrito(numeroDistrito,numeroCanton,numeroProvincia,nombre) values(3,1,1,'Hospital'); 
insert into Distrito(numeroDistrito,numeroCanton,numeroProvincia,nombre) values(4,1,1,'Catedral'); 
insert into Distrito(numeroDistrito,numeroCanton,numeroProvincia,nombre) values(5,1,1,'Zapote'); 
insert into Distrito(numeroDistrito,numeroCanton,numeroProvincia,nombre) values(6,1,1,'San Francisco de Dos Rios'); 
insert into Distrito(numeroDistrito,numeroCanton,numeroProvincia,nombre) values(7,1,1,'Uruca'); 
insert into Distrito(numeroDistrito,numeroCanton,numeroProvincia,nombre) values(8,1,1,'Mata Redonda'); 
insert into Distrito(numeroDistrito,numeroCanton,numeroProvincia,nombre) values(9,1,1,'Pavas'); 
insert into Distrito(numeroDistrito,numeroCanton,numeroProvincia,nombre) values(10,1,1,'Hatillo'); 
insert into Distrito(numeroDistrito,numeroCanton,numeroProvincia,nombre) values(11,1,1,'San Sebastian'); 
insert into Distrito(numeroDistrito,numeroCanton,numeroProvincia,nombre) values(1,2,1,'Escazu'); 
insert into Distrito(numeroDistrito,numeroCanton,numeroProvincia,nombre) values(2,2,1,'San Antonio'); 
insert into Distrito(numeroDistrito,numeroCanton,numeroProvincia,nombre) values(3,2,1,'San Rafael'); 
insert into Distrito(numeroDistrito,numeroCanton,numeroProvincia,nombre) values(1,3,1,'Desamparados'); 
insert into Distrito(numeroDistrito,numeroCanton,numeroProvincia,nombre) values(2,3,1,'San Miguel'); 
insert into Distrito(numeroDistrito,numeroCanton,numeroProvincia,nombre) values(3,3,1,'San Juan de Dios'); 
insert into Distrito(numeroDistrito,numeroCanton,numeroProvincia,nombre) values(4,3,1,'San Rafael'); 
insert into Distrito(numeroDistrito,numeroCanton,numeroProvincia,nombre) values(5,3,1,'San Antonio'); 
insert into Distrito(numeroDistrito,numeroCanton,numeroProvincia,nombre) values(6,3,1,'Frailes'); 
insert into Distrito(numeroDistrito,numeroCanton,numeroProvincia,nombre) values(7,3,1,'Patarra'); 
insert into Distrito(numeroDistrito,numeroCanton,numeroProvincia,nombre) values(8,3,1,'San Cristobal'); 
insert into Distrito(numeroDistrito,numeroCanton,numeroProvincia,nombre) values(9,3,1,'Rosario'); 
insert into Distrito(numeroDistrito,numeroCanton,numeroProvincia,nombre) values(10,3,1,'Damas'); 
insert into Distrito(numeroDistrito,numeroCanton,numeroProvincia,nombre) values(11,3,1,'San Rafael Abajo'); 
insert into Distrito(numeroDistrito,numeroCanton,numeroProvincia,nombre) values(12,3,1,'Gravillas'); 
insert into Distrito(numeroDistrito,numeroCanton,numeroProvincia,nombre) values(1,4,1,'Santiago'); 
insert into Distrito(numeroDistrito,numeroCanton,numeroProvincia,nombre) values(2,4,1,'Mercedes Sur'); 
insert into Distrito(numeroDistrito,numeroCanton,numeroProvincia,nombre) values(3,4,1,'Barbacoas'); 
insert into Distrito(numeroDistrito,numeroCanton,numeroProvincia,nombre) values(4,4,1,'Grito Alto'); 
insert into Distrito(numeroDistrito,numeroCanton,numeroProvincia,nombre) values(5,4,1,'San Rafael'); 
insert into Distrito(numeroDistrito,numeroCanton,numeroProvincia,nombre) values(6,4,1,'Candelarita'); 
insert into Distrito(numeroDistrito,numeroCanton,numeroProvincia,nombre) values(7,4,1,'Desamparaditos'); 
insert into Distrito(numeroDistrito,numeroCanton,numeroProvincia,nombre) values(8,4,1,'San Antonio'); 
insert into Distrito(numeroDistrito,numeroCanton,numeroProvincia,nombre) values(9,4,1,'Chires'); 
insert into Distrito(numeroDistrito,numeroCanton,numeroProvincia,nombre) values(10,4,1,'Tarrazu'); 
insert into Distrito(numeroDistrito,numeroCanton,numeroProvincia,nombre) values(11,4,1,'San Marcos'); 
insert into Distrito(numeroDistrito,numeroCanton,numeroProvincia,nombre) values(12,4,1,'San Lorenzo'); 
insert into Distrito(numeroDistrito,numeroCanton,numeroProvincia,nombre) values(13,4,1,'San Carlos'); 
insert into Distrito(numeroDistrito,numeroCanton,numeroProvincia,nombre) values(1,5,1,'Aserri'); 
insert into Distrito(numeroDistrito,numeroCanton,numeroProvincia,nombre) values(2,5,1,'Tarbaca'); 
insert into Distrito(numeroDistrito,numeroCanton,numeroProvincia,nombre) values(3,5,1,'Vuelta de Jorco'); 
insert into Distrito(numeroDistrito,numeroCanton,numeroProvincia,nombre) values(4,5,1,'San Gabriel'); 
insert into Distrito(numeroDistrito,numeroCanton,numeroProvincia,nombre) values(5,5,1,'Legua'); 
insert into Distrito(numeroDistrito,numeroCanton,numeroProvincia,nombre) values(6,5,1,'Monterrey'); 
insert into Distrito(numeroDistrito,numeroCanton,numeroProvincia,nombre) values(7,5,1,'Salitrillos'); 
insert into Distrito(numeroDistrito,numeroCanton,numeroProvincia,nombre) values(1,6,1,'Colon'); 
insert into Distrito(numeroDistrito,numeroCanton,numeroProvincia,nombre) values(2,6,1,'Guayabo'); 
insert into Distrito(numeroDistrito,numeroCanton,numeroProvincia,nombre) values(3,6,1,'Tabarcia'); 
insert into Distrito(numeroDistrito,numeroCanton,numeroProvincia,nombre) values(4,6,1,'Piedras Negras'); 
insert into Distrito(numeroDistrito,numeroCanton,numeroProvincia,nombre) values(5,6,1,'Picagres'); 
insert into Distrito(numeroDistrito,numeroCanton,numeroProvincia,nombre) values(1,7,1,'Guadalupe'); 
insert into Distrito(numeroDistrito,numeroCanton,numeroProvincia,nombre) values(2,7,1,'San Francisco'); 
insert into Distrito(numeroDistrito,numeroCanton,numeroProvincia,nombre) values(3,7,1,'Calle Blancos'); 
insert into Distrito(numeroDistrito,numeroCanton,numeroProvincia,nombre) values(4,7,1,'Mata de Platano'); 
insert into Distrito(numeroDistrito,numeroCanton,numeroProvincia,nombre) values(5,7,1,'Ipis'); 
insert into Distrito(numeroDistrito,numeroCanton,numeroProvincia,nombre) values(6,7,1,'Rancho Redondo'); 
insert into Distrito(numeroDistrito,numeroCanton,numeroProvincia,nombre) values(7,7,1,'Purral'); 
insert into Distrito(numeroDistrito,numeroCanton,numeroProvincia,nombre) values(1,8,1,'Santa Ana'); 
insert into Distrito(numeroDistrito,numeroCanton,numeroProvincia,nombre) values(2,8,1,'Salitral'); 
insert into Distrito(numeroDistrito,numeroCanton,numeroProvincia,nombre) values(3,8,1,'Pozos'); 
insert into Distrito(numeroDistrito,numeroCanton,numeroProvincia,nombre) values(4,8,1,'Uruca'); 
insert into Distrito(numeroDistrito,numeroCanton,numeroProvincia,nombre) values(5,8,1,'Piedades'); 
insert into Distrito(numeroDistrito,numeroCanton,numeroProvincia,nombre) values(6,8,1,'Brasil'); 
insert into Distrito(numeroDistrito,numeroCanton,numeroProvincia,nombre) values(1,9,1,'Alajuelita'); 
insert into Distrito(numeroDistrito,numeroCanton,numeroProvincia,nombre) values(2,9,1,'San Josecito'); 
insert into Distrito(numeroDistrito,numeroCanton,numeroProvincia,nombre) values(3,9,1,'San Antonio'); 
insert into Distrito(numeroDistrito,numeroCanton,numeroProvincia,nombre) values(4,9,1,'Concepcion'); 
insert into Distrito(numeroDistrito,numeroCanton,numeroProvincia,nombre) values(5,9,1,'San Felipe'); 
insert into Distrito(numeroDistrito,numeroCanton,numeroProvincia,nombre) values(1,10,1,'San Isidro'); 
insert into Distrito(numeroDistrito,numeroCanton,numeroProvincia,nombre) values(2,10,1,'San Rafael'); 
insert into Distrito(numeroDistrito,numeroCanton,numeroProvincia,nombre) values(3,10,1,'Jesus (Dulce Nombre)'); 
insert into Distrito(numeroDistrito,numeroCanton,numeroProvincia,nombre) values(4,10,1,'Patalillo'); 
insert into Distrito(numeroDistrito,numeroCanton,numeroProvincia,nombre) values(5,10,1,'Cascajal'); 
insert into Distrito(numeroDistrito,numeroCanton,numeroProvincia,nombre) values(1,11,1,'San Ignacio'); 
insert into Distrito(numeroDistrito,numeroCanton,numeroProvincia,nombre) values(2,11,1,'Guaitil'); 
insert into Distrito(numeroDistrito,numeroCanton,numeroProvincia,nombre) values(3,11,1,'Palmichal'); 
insert into Distrito(numeroDistrito,numeroCanton,numeroProvincia,nombre) values(4,11,1,'Cangrejal'); 
insert into Distrito(numeroDistrito,numeroCanton,numeroProvincia,nombre) values(5,11,1,'Sabanillas'); 
insert into Distrito(numeroDistrito,numeroCanton,numeroProvincia,nombre) values(1,12,1,'San Juan'); 
insert into Distrito(numeroDistrito,numeroCanton,numeroProvincia,nombre) values(2,12,1,'Cinco Esquinas'); 
insert into Distrito(numeroDistrito,numeroCanton,numeroProvincia,nombre) values(3,12,1,'Anselmo Llorente'); 
insert into Distrito(numeroDistrito,numeroCanton,numeroProvincia,nombre) values(4,12,1,'Leon XIII'); 
insert into Distrito(numeroDistrito,numeroCanton,numeroProvincia,nombre) values(5,12,1,'Colima'); 
insert into Distrito(numeroDistrito,numeroCanton,numeroProvincia,nombre) values(1,13,1,'San Vicente'); 
insert into Distrito(numeroDistrito,numeroCanton,numeroProvincia,nombre) values(2,13,1,'San Jeronimo'); 
insert into Distrito(numeroDistrito,numeroCanton,numeroProvincia,nombre) values(3,13,1,'Trinidad'); 
insert into Distrito(numeroDistrito,numeroCanton,numeroProvincia,nombre) values(1,14,1,'San Pedro'); 
insert into Distrito(numeroDistrito,numeroCanton,numeroProvincia,nombre) values(2,14,1,'Sabanilla'); 
insert into Distrito(numeroDistrito,numeroCanton,numeroProvincia,nombre) values(3,14,1,'Mercedes(Betania)');
insert into Distrito(numeroDistrito,numeroCanton,numeroProvincia,nombre) values(4,14,1,'San Rafael'); 
insert into Distrito(numeroDistrito,numeroCanton,numeroProvincia,nombre) values(1,15,1,'San Pablo'); 
insert into Distrito(numeroDistrito,numeroCanton,numeroProvincia,nombre) values(2,15,1,'San Pedro'); 
insert into Distrito(numeroDistrito,numeroCanton,numeroProvincia,nombre) values(3,15,1,'San Juan de Mata'); 
insert into Distrito(numeroDistrito,numeroCanton,numeroProvincia,nombre) values(4,15,1,'San Luis'); 
insert into Distrito(numeroDistrito,numeroCanton,numeroProvincia,nombre) values(1,16,1,'Santa Maria'); 
insert into Distrito(numeroDistrito,numeroCanton,numeroProvincia,nombre) values(2,16,1,'Jardin'); 
insert into Distrito(numeroDistrito,numeroCanton,numeroProvincia,nombre) values(3,16,1,'Copey'); 
insert into Distrito(numeroDistrito,numeroCanton,numeroProvincia,nombre) values(4,16,1,'Curridabat'); 
insert into Distrito(numeroDistrito,numeroCanton,numeroProvincia,nombre) values(1,17,1,'Granadilla'); 
insert into Distrito(numeroDistrito,numeroCanton,numeroProvincia,nombre) values(2,17,1,'Sanchez'); 
insert into Distrito(numeroDistrito,numeroCanton,numeroProvincia,nombre) values(3,17,1,'Tirrases'); 
insert into Distrito(numeroDistrito,numeroCanton,numeroProvincia,nombre) values(4,17,1,'Curridabat'); 
insert into Distrito(numeroDistrito,numeroCanton,numeroProvincia,nombre) values(1,18,1,'San Isidro del General'); 
insert into Distrito(numeroDistrito,numeroCanton,numeroProvincia,nombre) values(2,18,1,'General'); 
insert into Distrito(numeroDistrito,numeroCanton,numeroProvincia,nombre) values(3,18,1,'Daniel Flores'); 
insert into Distrito(numeroDistrito,numeroCanton,numeroProvincia,nombre) values(4,18,1,'Rivas'); 
insert into Distrito(numeroDistrito,numeroCanton,numeroProvincia,nombre) values(5,18,1,'San Pedro'); 
insert into Distrito(numeroDistrito,numeroCanton,numeroProvincia,nombre) values(6,18,1,'Platanares'); 
insert into Distrito(numeroDistrito,numeroCanton,numeroProvincia,nombre) values(7,18,1,'Pejibaye'); 
insert into Distrito(numeroDistrito,numeroCanton,numeroProvincia,nombre) values(8,18,1,'Cajon'); 
insert into Distrito(numeroDistrito,numeroCanton,numeroProvincia,nombre) values(9,18,1,'Baru'); 
insert into Distrito(numeroDistrito,numeroCanton,numeroProvincia,nombre) values(10,18,1,'Rio Nuevo'); 
insert into Distrito(numeroDistrito,numeroCanton,numeroProvincia,nombre) values(11,18,1,'El Páramo'); 
insert into Distrito(numeroDistrito,numeroCanton,numeroProvincia,nombre) values(1,19,1,'San Pablo'); 
insert into Distrito(numeroDistrito,numeroCanton,numeroProvincia,nombre) values(2,19,1,'San Andres'); 
insert into Distrito(numeroDistrito,numeroCanton,numeroProvincia,nombre) values(3,19,1,'Llano Bonito'); 
insert into Distrito(numeroDistrito,numeroCanton,numeroProvincia,nombre) values(4,19,1,'San Isidro'); 
insert into Distrito(numeroDistrito,numeroCanton,numeroProvincia,nombre) values(5,19,1,'Santa Cruz'); 
insert into Distrito(numeroDistrito,numeroCanton,numeroProvincia,nombre) values(6,19,1,'San Antonio'); 

insert into Distrito(numeroDistrito,numeroCanton,numeroProvincia,nombre) values(1,1,2,'Alajuela'); 
insert into Distrito(numeroDistrito,numeroCanton,numeroProvincia,nombre) values(2,1,2,'Carrizal'); 
insert into Distrito(numeroDistrito,numeroCanton,numeroProvincia,nombre) values(3,1,2,'San Antonio'); 
insert into Distrito(numeroDistrito,numeroCanton,numeroProvincia,nombre) values(4,1,2,'Guacima'); 
insert into Distrito(numeroDistrito,numeroCanton,numeroProvincia,nombre) values(5,1,2,'San Isidro'); 
insert into Distrito(numeroDistrito,numeroCanton,numeroProvincia,nombre) values(6,1,2,'Sabanilla'); 
insert into Distrito(numeroDistrito,numeroCanton,numeroProvincia,nombre) values(7,1,2,'San Rafael'); 
insert into Distrito(numeroDistrito,numeroCanton,numeroProvincia,nombre) values(8,1,2,'Rio Segundo'); 
insert into Distrito(numeroDistrito,numeroCanton,numeroProvincia,nombre) values(9,1,2,'Desamparados'); 
insert into Distrito(numeroDistrito,numeroCanton,numeroProvincia,nombre) values(10,1,2,'Turrucares'); 
insert into Distrito(numeroDistrito,numeroCanton,numeroProvincia,nombre) values(11,1,2,'Tambor'); 
insert into Distrito(numeroDistrito,numeroCanton,numeroProvincia,nombre) values(12,1,2,'Garita'); 
insert into Distrito(numeroDistrito,numeroCanton,numeroProvincia,nombre) values(13,1,2,'Sarapiqui'); 
insert into Distrito(numeroDistrito,numeroCanton,numeroProvincia,nombre) values(1,2,2,'San Ramon'); 
insert into Distrito(numeroDistrito,numeroCanton,numeroProvincia,nombre) values(2,2,2,'Santiago'); 
insert into Distrito(numeroDistrito,numeroCanton,numeroProvincia,nombre) values(3,2,2,'San Juan'); 
insert into Distrito(numeroDistrito,numeroCanton,numeroProvincia,nombre) values(4,2,2,'Piedades Norte'); 
insert into Distrito(numeroDistrito,numeroCanton,numeroProvincia,nombre) values(5,2,2,'Piedades Sur'); 
insert into Distrito(numeroDistrito,numeroCanton,numeroProvincia,nombre) values(6,2,2,'San Rafael'); 
insert into Distrito(numeroDistrito,numeroCanton,numeroProvincia,nombre) values(7,2,2,'San Isidro'); 
insert into Distrito(numeroDistrito,numeroCanton,numeroProvincia,nombre) values(8,2,2,'Angeles'); 
insert into Distrito(numeroDistrito,numeroCanton,numeroProvincia,nombre) values(9,2,2,'Alfaro'); 
insert into Distrito(numeroDistrito,numeroCanton,numeroProvincia,nombre) values(10,2,2,'Volio'); 
insert into Distrito(numeroDistrito,numeroCanton,numeroProvincia,nombre) values(11,2,2,'Concepcion'); 
insert into Distrito(numeroDistrito,numeroCanton,numeroProvincia,nombre) values(12,2,2,'Zapotal'); 
insert into Distrito(numeroDistrito,numeroCanton,numeroProvincia,nombre) values(13,2,2,'Peñas Blancas'); 
insert into Distrito(numeroDistrito,numeroCanton,numeroProvincia,nombre) values(1,3,2,'Grecia'); 
insert into Distrito(numeroDistrito,numeroCanton,numeroProvincia,nombre) values(2,3,2,'San Isidro'); 
insert into Distrito(numeroDistrito,numeroCanton,numeroProvincia,nombre) values(3,3,2,'San Jose'); 
insert into Distrito(numeroDistrito,numeroCanton,numeroProvincia,nombre) values(4,3,2,'San Roque'); 
insert into Distrito(numeroDistrito,numeroCanton,numeroProvincia,nombre) values(5,3,2,'Tacares'); 
insert into Distrito(numeroDistrito,numeroCanton,numeroProvincia,nombre) values(6,3,2,'Rio Cuarto'); 
insert into Distrito(numeroDistrito,numeroCanton,numeroProvincia,nombre) values(7,3,2,'Puente de Piedra'); 
insert into Distrito(numeroDistrito,numeroCanton,numeroProvincia,nombre) values(8,3,2,'Bolivar'); 
insert into Distrito(numeroDistrito,numeroCanton,numeroProvincia,nombre) values(1,4,2,'San Mateo'); 
insert into Distrito(numeroDistrito,numeroCanton,numeroProvincia,nombre) values(2,4,2,'Desmonte'); 
insert into Distrito(numeroDistrito,numeroCanton,numeroProvincia,nombre) values(3,4,2,'Jesus Maria'); 
insert into Distrito(numeroDistrito,numeroCanton,numeroProvincia,nombre) values(1,5,2,'Atenas'); 
insert into Distrito(numeroDistrito,numeroCanton,numeroProvincia,nombre) values(2,5,2,'Jesus'); 
insert into Distrito(numeroDistrito,numeroCanton,numeroProvincia,nombre) values(3,5,2,'Mercedes'); 
insert into Distrito(numeroDistrito,numeroCanton,numeroProvincia,nombre) values(4,5,2,'San Isidro'); 
insert into Distrito(numeroDistrito,numeroCanton,numeroProvincia,nombre) values(5,5,2,'Concepcion'); 
insert into Distrito(numeroDistrito,numeroCanton,numeroProvincia,nombre) values(6,5,2,'San Jose'); 
insert into Distrito(numeroDistrito,numeroCanton,numeroProvincia,nombre) values(7,5,2,'Santa Eulalia'); 
insert into Distrito(numeroDistrito,numeroCanton,numeroProvincia,nombre) values(1,6,2,'Naranjo'); 
insert into Distrito(numeroDistrito,numeroCanton,numeroProvincia,nombre) values(2,6,2,'San Miguel'); 
insert into Distrito(numeroDistrito,numeroCanton,numeroProvincia,nombre) values(3,6,2,'San Jose'); 
insert into Distrito(numeroDistrito,numeroCanton,numeroProvincia,nombre) values(4,6,2,'Cirri Sur'); 
insert into Distrito(numeroDistrito,numeroCanton,numeroProvincia,nombre) values(5,6,2,'San Jeronimo'); 
insert into Distrito(numeroDistrito,numeroCanton,numeroProvincia,nombre) values(6,6,2,'San Juan'); 
insert into Distrito(numeroDistrito,numeroCanton,numeroProvincia,nombre) values(7,6,2,'Rosario'); 
insert into Distrito(numeroDistrito,numeroCanton,numeroProvincia,nombre) values(1,7,2,'Palmares'); 
insert into Distrito(numeroDistrito,numeroCanton,numeroProvincia,nombre) values(2,7,2,'Zaragoza'); 
insert into Distrito(numeroDistrito,numeroCanton,numeroProvincia,nombre) values(3,7,2,'Buenos Aires'); 
insert into Distrito(numeroDistrito,numeroCanton,numeroProvincia,nombre) values(4,7,2,'Santiago'); 
insert into Distrito(numeroDistrito,numeroCanton,numeroProvincia,nombre) values(5,7,2,'Candelaria'); 
insert into Distrito(numeroDistrito,numeroCanton,numeroProvincia,nombre) values(6,7,2,'Esquipulas'); 
insert into Distrito(numeroDistrito,numeroCanton,numeroProvincia,nombre) values(7,7,2,'Granja'); 
insert into Distrito(numeroDistrito,numeroCanton,numeroProvincia,nombre) values(1,8,2,'San Pedro'); 
insert into Distrito(numeroDistrito,numeroCanton,numeroProvincia,nombre) values(2,8,2,'San Juan'); 
insert into Distrito(numeroDistrito,numeroCanton,numeroProvincia,nombre) values(3,8,2,'San Rafael'); 
insert into Distrito(numeroDistrito,numeroCanton,numeroProvincia,nombre) values(4,8,2,'Carrillos'); 
insert into Distrito(numeroDistrito,numeroCanton,numeroProvincia,nombre) values(5,8,2,'Sabana Redonda'); 
insert into Distrito(numeroDistrito,numeroCanton,numeroProvincia,nombre) values(1,9,2,'Orotina'); 
insert into Distrito(numeroDistrito,numeroCanton,numeroProvincia,nombre) values(2,9,2,'Mastate'); 
insert into Distrito(numeroDistrito,numeroCanton,numeroProvincia,nombre) values(3,9,2,'Hacienda Vieja'); 
insert into Distrito(numeroDistrito,numeroCanton,numeroProvincia,nombre) values(4,9,2,'Coyolar'); 
insert into Distrito(numeroDistrito,numeroCanton,numeroProvincia,nombre) values(5,9,2,'Ceiba'); 
insert into Distrito(numeroDistrito,numeroCanton,numeroProvincia,nombre) values(1,10,2,'Quesada'); 
insert into Distrito(numeroDistrito,numeroCanton,numeroProvincia,nombre) values(2,10,2,'Florencia'); 
insert into Distrito(numeroDistrito,numeroCanton,numeroProvincia,nombre) values(3,10,2,'Buenavista'); 
insert into Distrito(numeroDistrito,numeroCanton,numeroProvincia,nombre) values(4,10,2,'Aguas Zarcas'); 
insert into Distrito(numeroDistrito,numeroCanton,numeroProvincia,nombre) values(5,10,2,'Venecia'); 
insert into Distrito(numeroDistrito,numeroCanton,numeroProvincia,nombre) values(6,10,2,'Pital'); 
insert into Distrito(numeroDistrito,numeroCanton,numeroProvincia,nombre) values(7,10,2,'Fortuna'); 
insert into Distrito(numeroDistrito,numeroCanton,numeroProvincia,nombre) values(8,10,2,'Tigra'); 
insert into Distrito(numeroDistrito,numeroCanton,numeroProvincia,nombre) values(9,10,2,'Palmera'); 
insert into Distrito(numeroDistrito,numeroCanton,numeroProvincia,nombre) values(10,10,2,'Venado'); 
insert into Distrito(numeroDistrito,numeroCanton,numeroProvincia,nombre) values(11,10,2,'Cutris'); 
insert into Distrito(numeroDistrito,numeroCanton,numeroProvincia,nombre) values(12,10,2,'Monterrey'); 
insert into Distrito(numeroDistrito,numeroCanton,numeroProvincia,nombre) values(13,10,2,'Pocosol'); 
insert into Distrito(numeroDistrito,numeroCanton,numeroProvincia,nombre) values(1,11,2,'Zarcero'); 
insert into Distrito(numeroDistrito,numeroCanton,numeroProvincia,nombre) values(2,11,2,'Laguna'); 
insert into Distrito(numeroDistrito,numeroCanton,numeroProvincia,nombre) values(3,11,2,'Tapezco'); 
insert into Distrito(numeroDistrito,numeroCanton,numeroProvincia,nombre) values(4,11,2,'Guadalupe'); 
insert into Distrito(numeroDistrito,numeroCanton,numeroProvincia,nombre) values(5,11,2,'Palmira'); 
insert into Distrito(numeroDistrito,numeroCanton,numeroProvincia,nombre) values(6,11,2,'Zapote'); 
insert into Distrito(numeroDistrito,numeroCanton,numeroProvincia,nombre) values(7,11,2,'Brisas'); 
insert into Distrito(numeroDistrito,numeroCanton,numeroProvincia,nombre) values(1,12,2,'Sarchi Norte'); 
insert into Distrito(numeroDistrito,numeroCanton,numeroProvincia,nombre) values(2,12,2,'Sarchi Sur'); 
insert into Distrito(numeroDistrito,numeroCanton,numeroProvincia,nombre) values(3,12,2,'Toro Amarillo'); 
insert into Distrito(numeroDistrito,numeroCanton,numeroProvincia,nombre) values(4,12,2,'San Pedro'); 
insert into Distrito(numeroDistrito,numeroCanton,numeroProvincia,nombre) values(5,12,2,'Rodriguez'); 
insert into Distrito(numeroDistrito,numeroCanton,numeroProvincia,nombre) values(1,13,2,'Upala'); 
insert into Distrito(numeroDistrito,numeroCanton,numeroProvincia,nombre) values(2,13,2,'Aguas Claras'); 
insert into Distrito(numeroDistrito,numeroCanton,numeroProvincia,nombre) values(3,13,2,'San Jose (Pizote)'); 
insert into Distrito(numeroDistrito,numeroCanton,numeroProvincia,nombre) values(4,13,2,'Bijagua'); 
insert into Distrito(numeroDistrito,numeroCanton,numeroProvincia,nombre) values(5,13,2,'Delicias'); 
insert into Distrito(numeroDistrito,numeroCanton,numeroProvincia,nombre) values(6,13,2,'Dos Rios (Colonia Mayorga)'); 
insert into Distrito(numeroDistrito,numeroCanton,numeroProvincia,nombre) values(7,13,2,'Yolillal'); 
insert into Distrito(numeroDistrito,numeroCanton,numeroProvincia,nombre) values(1,14,2,'Los Chiles'); 
insert into Distrito(numeroDistrito,numeroCanton,numeroProvincia,nombre) values(2,14,2,'Caño Negro'); 
insert into Distrito(numeroDistrito,numeroCanton,numeroProvincia,nombre) values(3,14,2,'El Amparo'); 
insert into Distrito(numeroDistrito,numeroCanton,numeroProvincia,nombre) values(4,14,2,'San Jorge'); 
insert into Distrito(numeroDistrito,numeroCanton,numeroProvincia,nombre) values(1,15,2,'San Rafael'); 
insert into Distrito(numeroDistrito,numeroCanton,numeroProvincia,nombre) values(2,15,2,'Buena Vista'); 
insert into Distrito(numeroDistrito,numeroCanton,numeroProvincia,nombre) values(3,15,2,'Cote'); 


insert into Distrito(numeroDistrito,numeroCanton,numeroProvincia,nombre) values(1,1,3,'Oriental'); 
insert into Distrito(numeroDistrito,numeroCanton,numeroProvincia,nombre) values(2,1,3,'Occidental'); 
insert into Distrito(numeroDistrito,numeroCanton,numeroProvincia,nombre) values(3,1,3,'Carmen'); 
insert into Distrito(numeroDistrito,numeroCanton,numeroProvincia,nombre) values(4,1,3,'San Nicolas'); 
insert into Distrito(numeroDistrito,numeroCanton,numeroProvincia,nombre) values(5,1,3,'Aguacaliente (San Francisco)'); 
insert into Distrito(numeroDistrito,numeroCanton,numeroProvincia,nombre) values(6,1,3,'Guadalupe (Arenilla)');
insert into Distrito(numeroDistrito,numeroCanton,numeroProvincia,nombre) values(7,1,3,'Corralillo'); 
insert into Distrito(numeroDistrito,numeroCanton,numeroProvincia,nombre) values(8,1,3,'Tierra Blanca'); 
insert into Distrito(numeroDistrito,numeroCanton,numeroProvincia,nombre) values(9,1,3,'Dulce Nombre'); 
insert into Distrito(numeroDistrito,numeroCanton,numeroProvincia,nombre) values(10,1,3,'Llano Grande'); 
insert into Distrito(numeroDistrito,numeroCanton,numeroProvincia,nombre) values(11,1,3,'Quebradilla'); 
insert into Distrito(numeroDistrito,numeroCanton,numeroProvincia,nombre) values(1,2,3,'Paraiso'); 
insert into Distrito(numeroDistrito,numeroCanton,numeroProvincia,nombre) values(2,2,3,'Santiago'); 
insert into Distrito(numeroDistrito,numeroCanton,numeroProvincia,nombre) values(3,2,3,'Orosi'); 
insert into Distrito(numeroDistrito,numeroCanton,numeroProvincia,nombre) values(4,2,3,'Cachi'); 
insert into Distrito(numeroDistrito,numeroCanton,numeroProvincia,nombre) values(5,2,3,'Llanos de Santa Lucia'); 
insert into Distrito(numeroDistrito,numeroCanton,numeroProvincia,nombre) values(1,3,3,'Tres Rios'); 
insert into Distrito(numeroDistrito,numeroCanton,numeroProvincia,nombre) values(2,3,3,'San Diego'); 
insert into Distrito(numeroDistrito,numeroCanton,numeroProvincia,nombre) values(3,3,3,'San Juan'); 
insert into Distrito(numeroDistrito,numeroCanton,numeroProvincia,nombre) values(4,3,3,'San Rafael'); 
insert into Distrito(numeroDistrito,numeroCanton,numeroProvincia,nombre) values(5,3,3,'Concepcion'); 
insert into Distrito(numeroDistrito,numeroCanton,numeroProvincia,nombre) values(6,3,3,'Dulce Nombre'); 
insert into Distrito(numeroDistrito,numeroCanton,numeroProvincia,nombre) values(7,3,3,'San Ramon'); 
insert into Distrito(numeroDistrito,numeroCanton,numeroProvincia,nombre) values(8,3,3,'Rio Azul'); 
insert into Distrito(numeroDistrito,numeroCanton,numeroProvincia,nombre) values(1,4,3,'Juan Viñas'); 
insert into Distrito(numeroDistrito,numeroCanton,numeroProvincia,nombre) values(2,4,3,'Tucurrique'); 
insert into Distrito(numeroDistrito,numeroCanton,numeroProvincia,nombre) values(3,4,3,'Pejibaye'); 
insert into Distrito(numeroDistrito,numeroCanton,numeroProvincia,nombre) values(1,5,3,'Turrialba'); 
insert into Distrito(numeroDistrito,numeroCanton,numeroProvincia,nombre) values(2,5,3,'La Suiza'); 
insert into Distrito(numeroDistrito,numeroCanton,numeroProvincia,nombre) values(3,5,3,'Peralta'); 
insert into Distrito(numeroDistrito,numeroCanton,numeroProvincia,nombre) values(4,5,3,'Santa cruz'); 
insert into Distrito(numeroDistrito,numeroCanton,numeroProvincia,nombre) values(5,5,3,'Santa Teresita'); 
insert into Distrito(numeroDistrito,numeroCanton,numeroProvincia,nombre) values(6,5,3,'Pavones'); 
insert into Distrito(numeroDistrito,numeroCanton,numeroProvincia,nombre) values(7,5,3,'Tuis'); 
insert into Distrito(numeroDistrito,numeroCanton,numeroProvincia,nombre) values(8,5,3,'Tayutic'); 
insert into Distrito(numeroDistrito,numeroCanton,numeroProvincia,nombre) values(9,5,3,'Santa Rosa'); 
insert into Distrito(numeroDistrito,numeroCanton,numeroProvincia,nombre) values(10,5,3,'Tres Equis'); 
insert into Distrito(numeroDistrito,numeroCanton,numeroProvincia,nombre) values(11,5,3,'La Isabel'); 
insert into Distrito(numeroDistrito,numeroCanton,numeroProvincia,nombre) values(12,5,3,'Chirripo'); 
insert into Distrito(numeroDistrito,numeroCanton,numeroProvincia,nombre) values(1,6,3,'Pacayas'); 
insert into Distrito(numeroDistrito,numeroCanton,numeroProvincia,nombre) values(2,6,3,'Cervantes'); 
insert into Distrito(numeroDistrito,numeroCanton,numeroProvincia,nombre) values(3,6,3,'Capellades'); 
insert into Distrito(numeroDistrito,numeroCanton,numeroProvincia,nombre) values(1,7,3,'San Rafael'); 
insert into Distrito(numeroDistrito,numeroCanton,numeroProvincia,nombre) values(2,7,3,'Cot'); 
insert into Distrito(numeroDistrito,numeroCanton,numeroProvincia,nombre) values(3,7,3,'Potrero Cerrado'); 
insert into Distrito(numeroDistrito,numeroCanton,numeroProvincia,nombre) values(4,7,3,'Cipreses'); 
insert into Distrito(numeroDistrito,numeroCanton,numeroProvincia,nombre) values(5,7,3,'Santa Rosa'); 
insert into Distrito(numeroDistrito,numeroCanton,numeroProvincia,nombre) values(1,8,3,'Tejar'); 
insert into Distrito(numeroDistrito,numeroCanton,numeroProvincia,nombre) values(2,8,3,'San Isidro'); 
insert into Distrito(numeroDistrito,numeroCanton,numeroProvincia,nombre) values(3,8,3,'Tobosi'); 
insert into Distrito(numeroDistrito,numeroCanton,numeroProvincia,nombre) values(4,8,3,'Patio de Agua'); 

insert into Distrito(numeroDistrito,numeroCanton,numeroProvincia,nombre) values(1,1,4,'Heredia'); 
insert into Distrito(numeroDistrito,numeroCanton,numeroProvincia,nombre) values(2,1,4,'Mercedes'); 
insert into Distrito(numeroDistrito,numeroCanton,numeroProvincia,nombre) values(3,1,4,'San Francisco'); 
insert into Distrito(numeroDistrito,numeroCanton,numeroProvincia,nombre) values(4,1,4,'Ulloa'); 
insert into Distrito(numeroDistrito,numeroCanton,numeroProvincia,nombre) values(5,1,4,'Varablanca'); 
insert into Distrito(numeroDistrito,numeroCanton,numeroProvincia,nombre) values(1,2,4,'Barva'); 
insert into Distrito(numeroDistrito,numeroCanton,numeroProvincia,nombre) values(2,2,4,'San Pedro'); 
insert into Distrito(numeroDistrito,numeroCanton,numeroProvincia,nombre) values(3,2,4,'San Pablo'); 
insert into Distrito(numeroDistrito,numeroCanton,numeroProvincia,nombre) values(4,2,4,'San Roque'); 
insert into Distrito(numeroDistrito,numeroCanton,numeroProvincia,nombre) values(5,2,4,'Santa Lucia'); 
insert into Distrito(numeroDistrito,numeroCanton,numeroProvincia,nombre) values(6,2,4,'San Jose de la Montaña'); 
insert into Distrito(numeroDistrito,numeroCanton,numeroProvincia,nombre) values(1,3,4,'Santo Domingo'); 
insert into Distrito(numeroDistrito,numeroCanton,numeroProvincia,nombre) values(2,3,4,'San Vicente'); 
insert into Distrito(numeroDistrito,numeroCanton,numeroProvincia,nombre) values(3,3,4,'San Miguel'); 
insert into Distrito(numeroDistrito,numeroCanton,numeroProvincia,nombre) values(4,3,4,'Paracito'); 
insert into Distrito(numeroDistrito,numeroCanton,numeroProvincia,nombre) values(5,3,4,'Santo Tomas'); 
insert into Distrito(numeroDistrito,numeroCanton,numeroProvincia,nombre) values(6,3,4,'Santa Rosa'); 
insert into Distrito(numeroDistrito,numeroCanton,numeroProvincia,nombre) values(7,3,4,'Tures'); 
insert into Distrito(numeroDistrito,numeroCanton,numeroProvincia,nombre) values(8,3,4,'Para'); 
insert into Distrito(numeroDistrito,numeroCanton,numeroProvincia,nombre) values(1,4,4,'Santa Barbara'); 
insert into Distrito(numeroDistrito,numeroCanton,numeroProvincia,nombre) values(2,4,4,'San Pedro'); 
insert into Distrito(numeroDistrito,numeroCanton,numeroProvincia,nombre) values(3,4,4,'San Juan'); 
insert into Distrito(numeroDistrito,numeroCanton,numeroProvincia,nombre) values(4,4,4,'Jesus'); 
insert into Distrito(numeroDistrito,numeroCanton,numeroProvincia,nombre) values(5,4,4,'Santo Domingo'); 
insert into Distrito(numeroDistrito,numeroCanton,numeroProvincia,nombre) values(6,4,4,'Puraba'); 
insert into Distrito(numeroDistrito,numeroCanton,numeroProvincia,nombre) values(1,5,4,'San Rafael'); 
insert into Distrito(numeroDistrito,numeroCanton,numeroProvincia,nombre) values(2,5,4,'San Josecito'); 
insert into Distrito(numeroDistrito,numeroCanton,numeroProvincia,nombre) values(3,5,4,'Santiago'); 
insert into Distrito(numeroDistrito,numeroCanton,numeroProvincia,nombre) values(4,5,4,'Angeles'); 
insert into Distrito(numeroDistrito,numeroCanton,numeroProvincia,nombre) values(5,5,4,'Concepcion'); 
insert into Distrito(numeroDistrito,numeroCanton,numeroProvincia,nombre) values(1,6,4,'San Isidro'); 
insert into Distrito(numeroDistrito,numeroCanton,numeroProvincia,nombre) values(2,6,4,'San Jose'); 
insert into Distrito(numeroDistrito,numeroCanton,numeroProvincia,nombre) values(3,6,4,'Concepcion'); 
insert into Distrito(numeroDistrito,numeroCanton,numeroProvincia,nombre) values(4,6,4,'San Francisco'); 
insert into Distrito(numeroDistrito,numeroCanton,numeroProvincia,nombre) values(1,7,4,'San Antonio'); 
insert into Distrito(numeroDistrito,numeroCanton,numeroProvincia,nombre) values(2,7,4,'Ribera'); 
insert into Distrito(numeroDistrito,numeroCanton,numeroProvincia,nombre) values(3,7,4,'Asuncion'); 
insert into Distrito(numeroDistrito,numeroCanton,numeroProvincia,nombre) values(1,8,4,'San Joaquin de Flores'); 
insert into Distrito(numeroDistrito,numeroCanton,numeroProvincia,nombre) values(2,8,4,'Barrantes'); 
insert into Distrito(numeroDistrito,numeroCanton,numeroProvincia,nombre) values(3,8,4,'Llorente'); 
insert into Distrito(numeroDistrito,numeroCanton,numeroProvincia,nombre) values(1,9,4,'San Pablo'); 
insert into Distrito(numeroDistrito,numeroCanton,numeroProvincia,nombre) values(2,9,4,'Rincon de Sabanilla'); 
insert into Distrito(numeroDistrito,numeroCanton,numeroProvincia,nombre) values(1,10,4,'Puerto Viejo'); 
insert into Distrito(numeroDistrito,numeroCanton,numeroProvincia,nombre) values(2,10,4,'La Virgen'); 
insert into Distrito(numeroDistrito,numeroCanton,numeroProvincia,nombre) values(3,10,4,'Horquetas'); 
insert into Distrito(numeroDistrito,numeroCanton,numeroProvincia,nombre) values(4,10,4,'Llanuras del Gaspar'); 
insert into Distrito(numeroDistrito,numeroCanton,numeroProvincia,nombre) values(5,10,4,'Cureña'); 
insert into Distrito(numeroDistrito,numeroCanton,numeroProvincia,nombre) values(1,1,5,'Liberia'); 
insert into Distrito(numeroDistrito,numeroCanton,numeroProvincia,nombre) values(2,1,5,'Cañas Dulces'); 
insert into Distrito(numeroDistrito,numeroCanton,numeroProvincia,nombre) values(3,1,5,'Mayorga'); 
insert into Distrito(numeroDistrito,numeroCanton,numeroProvincia,nombre) values(4,1,5,'Nacascolo'); 
insert into Distrito(numeroDistrito,numeroCanton,numeroProvincia,nombre) values(5,1,5,'Curubande'); 
insert into Distrito(numeroDistrito,numeroCanton,numeroProvincia,nombre) values(1,2,5,'Nicoya'); 
insert into Distrito(numeroDistrito,numeroCanton,numeroProvincia,nombre) values(2,2,5,'Mansion'); 
insert into Distrito(numeroDistrito,numeroCanton,numeroProvincia,nombre) values(3,2,5,'San Antonio'); 
insert into Distrito(numeroDistrito,numeroCanton,numeroProvincia,nombre) values(4,2,5,'Quebrada Honda'); 
insert into Distrito(numeroDistrito,numeroCanton,numeroProvincia,nombre) values(5,2,5,'Samara'); 
insert into Distrito(numeroDistrito,numeroCanton,numeroProvincia,nombre) values(6,2,5,'Nosara'); 
insert into Distrito(numeroDistrito,numeroCanton,numeroProvincia,nombre) values(7,2,5,'Belen de Nosarita'); 
insert into Distrito(numeroDistrito,numeroCanton,numeroProvincia,nombre) values(1,3,5,'Santa Cruz'); 
insert into Distrito(numeroDistrito,numeroCanton,numeroProvincia,nombre) values(2,3,5,'Bolson'); 
insert into Distrito(numeroDistrito,numeroCanton,numeroProvincia,nombre) values(3,3,5,'Veintisiete de Abril'); 
insert into Distrito(numeroDistrito,numeroCanton,numeroProvincia,nombre) values(4,3,5,'Tempate'); 
insert into Distrito(numeroDistrito,numeroCanton,numeroProvincia,nombre) values(5,3,5,'Cartagena'); 
insert into Distrito(numeroDistrito,numeroCanton,numeroProvincia,nombre) values(6,3,5,'Coajiniquil'); 
insert into Distrito(numeroDistrito,numeroCanton,numeroProvincia,nombre) values(7,3,5,'Diria'); 
insert into Distrito(numeroDistrito,numeroCanton,numeroProvincia,nombre) values(8,3,5,'Cabo Velas'); 
insert into Distrito(numeroDistrito,numeroCanton,numeroProvincia,nombre) values(9,3,5,'Tamarindo'); 
insert into Distrito(numeroDistrito,numeroCanton,numeroProvincia,nombre) values(1,4,5,'Bagaces'); 
insert into Distrito(numeroDistrito,numeroCanton,numeroProvincia,nombre) values(2,4,5,'Fortuna'); 
insert into Distrito(numeroDistrito,numeroCanton,numeroProvincia,nombre) values(3,4,5,'Mogote'); 
insert into Distrito(numeroDistrito,numeroCanton,numeroProvincia,nombre) values(6,4,5,'Rio Naranjo'); 
insert into Distrito(numeroDistrito,numeroCanton,numeroProvincia,nombre) values(1,5,5,'Filadelfia'); 
insert into Distrito(numeroDistrito,numeroCanton,numeroProvincia,nombre) values(2,5,5,'Palmira'); 
insert into Distrito(numeroDistrito,numeroCanton,numeroProvincia,nombre) values(3,5,5,'Sardinal'); 
insert into Distrito(numeroDistrito,numeroCanton,numeroProvincia,nombre) values(4,5,5,'Belen'); 
insert into Distrito(numeroDistrito,numeroCanton,numeroProvincia,nombre) values(1,6,5,'Cañas'); 
insert into Distrito(numeroDistrito,numeroCanton,numeroProvincia,nombre) values(2,6,5,'Palmira'); 
insert into Distrito(numeroDistrito,numeroCanton,numeroProvincia,nombre) values(3,6,5,'San Miguel'); 
insert into Distrito(numeroDistrito,numeroCanton,numeroProvincia,nombre) values(4,6,5,'Bebedero'); 
insert into Distrito(numeroDistrito,numeroCanton,numeroProvincia,nombre) values(5,6,5,'Porozal'); 
insert into Distrito(numeroDistrito,numeroCanton,numeroProvincia,nombre) values(1,7,5,'Juntas'); 
insert into Distrito(numeroDistrito,numeroCanton,numeroProvincia,nombre) values(2,7,5,'Sierra'); 
insert into Distrito(numeroDistrito,numeroCanton,numeroProvincia,nombre) values(3,7,5,'San Juan'); 
insert into Distrito(numeroDistrito,numeroCanton,numeroProvincia,nombre) values(4,7,5,'Colorado'); 
insert into Distrito(numeroDistrito,numeroCanton,numeroProvincia,nombre) values(1,8,5,'Tilaran'); 
insert into Distrito(numeroDistrito,numeroCanton,numeroProvincia,nombre) values(2,8,5,'Quebrada Grande'); 
insert into Distrito(numeroDistrito,numeroCanton,numeroProvincia,nombre) values(3,8,5,'Tronadora'); 
insert into Distrito(numeroDistrito,numeroCanton,numeroProvincia,nombre) values(4,8,5,'Santa Rosa'); 
insert into Distrito(numeroDistrito,numeroCanton,numeroProvincia,nombre) values(5,8,5,'Libano'); 
insert into Distrito(numeroDistrito,numeroCanton,numeroProvincia,nombre) values(6,8,5,'Tierras Morenas'); 
insert into Distrito(numeroDistrito,numeroCanton,numeroProvincia,nombre) values(7,8,5,'Arenal'); 
insert into Distrito(numeroDistrito,numeroCanton,numeroProvincia,nombre) values(1,9,5,'Carmona'); 
insert into Distrito(numeroDistrito,numeroCanton,numeroProvincia,nombre) values(2,9,5,'Santa Rita'); 
insert into Distrito(numeroDistrito,numeroCanton,numeroProvincia,nombre) values(3,9,5,'Zapotal'); 
insert into Distrito(numeroDistrito,numeroCanton,numeroProvincia,nombre) values(4,9,5,'San Pablo'); 
insert into Distrito(numeroDistrito,numeroCanton,numeroProvincia,nombre) values(5,9,5,'Porvenir'); 
insert into Distrito(numeroDistrito,numeroCanton,numeroProvincia,nombre) values(6,9,5,'Bejuco'); 
insert into Distrito(numeroDistrito,numeroCanton,numeroProvincia,nombre) values(1,10,5,'La Cruz'); 
insert into Distrito(numeroDistrito,numeroCanton,numeroProvincia,nombre) values(2,10,5,'Santa Cecilia'); 
insert into Distrito(numeroDistrito,numeroCanton,numeroProvincia,nombre) values(3,10,5,'Garita'); 
insert into Distrito(numeroDistrito,numeroCanton,numeroProvincia,nombre) values(4,10,5,'Santa Elena'); 
insert into Distrito(numeroDistrito,numeroCanton,numeroProvincia,nombre) values(1,11,5,'Hojancha'); 
insert into Distrito(numeroDistrito,numeroCanton,numeroProvincia,nombre) values(2,11,5,'Monte Romo'); 
insert into Distrito(numeroDistrito,numeroCanton,numeroProvincia,nombre) values(3,11,5,'Puerto Carrillo'); 
insert into Distrito(numeroDistrito,numeroCanton,numeroProvincia,nombre) values(4,11,5,'Huacas'); 
insert into Distrito(numeroDistrito,numeroCanton,numeroProvincia,nombre) values(1,1,6,'Puntarenas'); 
insert into Distrito(numeroDistrito,numeroCanton,numeroProvincia,nombre) values(2,1,6,'Pitahaya'); 
insert into Distrito(numeroDistrito,numeroCanton,numeroProvincia,nombre) values(3,1,6,'Chomes'); 
insert into Distrito(numeroDistrito,numeroCanton,numeroProvincia,nombre) values(4,1,6,'Lepanto'); 
insert into Distrito(numeroDistrito,numeroCanton,numeroProvincia,nombre) values(5,1,6,'Paquera'); 
insert into Distrito(numeroDistrito,numeroCanton,numeroProvincia,nombre) values(6,1,6,'Manzanillo'); 
insert into Distrito(numeroDistrito,numeroCanton,numeroProvincia,nombre) values(7,1,6,'Guacimal'); 
insert into Distrito(numeroDistrito,numeroCanton,numeroProvincia,nombre) values(8,1,6,'Barranca'); 
insert into Distrito(numeroDistrito,numeroCanton,numeroProvincia,nombre) values(9,1,6,'Monte Verde'); 
insert into Distrito(numeroDistrito,numeroCanton,numeroProvincia,nombre) values(10,1,6,'Isla del Coco'); 
insert into Distrito(numeroDistrito,numeroCanton,numeroProvincia,nombre) values(11,1,6,'Cobano'); 
insert into Distrito(numeroDistrito,numeroCanton,numeroProvincia,nombre) values(12,1,6,'Chacarita'); 
insert into Distrito(numeroDistrito,numeroCanton,numeroProvincia,nombre) values(13,1,6,'Chira'); 
insert into Distrito(numeroDistrito,numeroCanton,numeroProvincia,nombre) values(14,1,6,'Acapulco'); 
insert into Distrito(numeroDistrito,numeroCanton,numeroProvincia,nombre) values(15,1,6,'El Roble'); 
insert into Distrito(numeroDistrito,numeroCanton,numeroProvincia,nombre) values(16,1,6,'Arancibia'); 
insert into Distrito(numeroDistrito,numeroCanton,numeroProvincia,nombre) values(1,2,6,'Espiritu Santo'); 
insert into Distrito(numeroDistrito,numeroCanton,numeroProvincia,nombre) values(2,2,6,'San Juan Grande'); 
insert into Distrito(numeroDistrito,numeroCanton,numeroProvincia,nombre) values(3,2,6,'Macacona'); 
insert into Distrito(numeroDistrito,numeroCanton,numeroProvincia,nombre) values(4,2,6,'San Rafael'); 
insert into Distrito(numeroDistrito,numeroCanton,numeroProvincia,nombre) values(5,2,6,'San Jeronimo'); 
insert into Distrito(numeroDistrito,numeroCanton,numeroProvincia,nombre) values(1,3,6,'Buenos Aires'); 
insert into Distrito(numeroDistrito,numeroCanton,numeroProvincia,nombre) values(2,3,6,'Volcan'); 
insert into Distrito(numeroDistrito,numeroCanton,numeroProvincia,nombre) values(3,3,6,'Potrero Grande'); 
insert into Distrito(numeroDistrito,numeroCanton,numeroProvincia,nombre) values(4,3,6,'Boruca'); 
insert into Distrito(numeroDistrito,numeroCanton,numeroProvincia,nombre) values(5,3,6,'Pilas'); 
insert into Distrito(numeroDistrito,numeroCanton,numeroProvincia,nombre) values(6,3,6,'Colinas'); 
insert into Distrito(numeroDistrito,numeroCanton,numeroProvincia,nombre) values(7,3,6,'Changuenas'); 
insert into Distrito(numeroDistrito,numeroCanton,numeroProvincia,nombre) values(8,3,6,'Biolley'); 
insert into Distrito(numeroDistrito,numeroCanton,numeroProvincia,nombre) values(1,4,6,'Miramar'); 
insert into Distrito(numeroDistrito,numeroCanton,numeroProvincia,nombre) values(2,4,6,'Union'); 
insert into Distrito(numeroDistrito,numeroCanton,numeroProvincia,nombre) values(3,4,6,'San Isidro'); 
insert into Distrito(numeroDistrito,numeroCanton,numeroProvincia,nombre) values(1,5,6,'Cortes'); 
insert into Distrito(numeroDistrito,numeroCanton,numeroProvincia,nombre) values(2,5,6,'Palmar'); 
insert into Distrito(numeroDistrito,numeroCanton,numeroProvincia,nombre) values(3,5,6,'Sierpe'); 
insert into Distrito(numeroDistrito,numeroCanton,numeroProvincia,nombre) values(4,5,6,'Bahia Ballena'); 
insert into Distrito(numeroDistrito,numeroCanton,numeroProvincia,nombre) values(5,5,6,'Piedras Blancas'); 
insert into Distrito(numeroDistrito,numeroCanton,numeroProvincia,nombre) values(1,6,6,'Quepos'); 
insert into Distrito(numeroDistrito,numeroCanton,numeroProvincia,nombre) values(2,6,6,'Savegre'); 
insert into Distrito(numeroDistrito,numeroCanton,numeroProvincia,nombre) values(3,6,6,'Naranjito'); 
insert into Distrito(numeroDistrito,numeroCanton,numeroProvincia,nombre) values(1,7,6,'Golfito'); 
insert into Distrito(numeroDistrito,numeroCanton,numeroProvincia,nombre) values(2,7,6,'Jimenez'); 
insert into Distrito(numeroDistrito,numeroCanton,numeroProvincia,nombre) values(3,7,6,'Guaycar'); 
insert into Distrito(numeroDistrito,numeroCanton,numeroProvincia,nombre) values(4,7,6,'Corredor'); 
insert into Distrito(numeroDistrito,numeroCanton,numeroProvincia,nombre) values(1,8,6,'San Vito'); 
insert into Distrito(numeroDistrito,numeroCanton,numeroProvincia,nombre) values(2,8,6,'Sabalito'); 
insert into Distrito(numeroDistrito,numeroCanton,numeroProvincia,nombre) values(3,8,6,'Aguabuena'); 
insert into Distrito(numeroDistrito,numeroCanton,numeroProvincia,nombre) values(4,8,6,'Limoncito'); 
insert into Distrito(numeroDistrito,numeroCanton,numeroProvincia,nombre) values(5,8,6,'Pittier'); 
insert into Distrito(numeroDistrito,numeroCanton,numeroProvincia,nombre) values(1,9,6,'Parrita'); 
insert into Distrito(numeroDistrito,numeroCanton,numeroProvincia,nombre) values(1,10,6,'Corredores'); 
insert into Distrito(numeroDistrito,numeroCanton,numeroProvincia,nombre) values(2,10,6,'La Cuesta'); 
insert into Distrito(numeroDistrito,numeroCanton,numeroProvincia,nombre) values(3,10,6,'Canoas'); 
insert into Distrito(numeroDistrito,numeroCanton,numeroProvincia,nombre) values(4,10,6,'Laurel'); 
insert into Distrito(numeroDistrito,numeroCanton,numeroProvincia,nombre) values(1,11,6,'Jaco'); 
insert into Distrito(numeroDistrito,numeroCanton,numeroProvincia,nombre) values(2,11,6,'Tarcoles'); 
insert into Distrito(numeroDistrito,numeroCanton,numeroProvincia,nombre) values(1,1,7,'Limon'); 
insert into Distrito(numeroDistrito,numeroCanton,numeroProvincia,nombre) values(2,1,7,'Valle la Estrella'); 
insert into Distrito(numeroDistrito,numeroCanton,numeroProvincia,nombre) values(3,1,7,'Rio Blanco'); 
insert into Distrito(numeroDistrito,numeroCanton,numeroProvincia,nombre) values(4,1,7,'Matama'); 
insert into Distrito(numeroDistrito,numeroCanton,numeroProvincia,nombre) values(1,2,7,'Guapiles'); 
insert into Distrito(numeroDistrito,numeroCanton,numeroProvincia,nombre) values(2,2,7,'Jimenez'); 
insert into Distrito(numeroDistrito,numeroCanton,numeroProvincia,nombre) values(3,2,7,'Rita'); 
insert into Distrito(numeroDistrito,numeroCanton,numeroProvincia,nombre) values(4,2,7,'Roxana'); 
insert into Distrito(numeroDistrito,numeroCanton,numeroProvincia,nombre) values(5,2,7,'Cariari'); 
insert into Distrito(numeroDistrito,numeroCanton,numeroProvincia,nombre) values(6,2,7,'Colorado'); 
insert into Distrito(numeroDistrito,numeroCanton,numeroProvincia,nombre) values(1,3,7,'Siquirres'); 
insert into Distrito(numeroDistrito,numeroCanton,numeroProvincia,nombre) values(2,3,7,'Pacuarito'); 
insert into Distrito(numeroDistrito,numeroCanton,numeroProvincia,nombre) values(3,3,7,'Florida'); 
insert into Distrito(numeroDistrito,numeroCanton,numeroProvincia,nombre) values(4,3,7,'Germania'); 
insert into Distrito(numeroDistrito,numeroCanton,numeroProvincia,nombre) values(5,3,7,'Cairo'); 
insert into Distrito(numeroDistrito,numeroCanton,numeroProvincia,nombre) values(6,3,7,'Alegria'); 
insert into Distrito(numeroDistrito,numeroCanton,numeroProvincia,nombre) values(7,4,7,'Bratsi'); 
insert into Distrito(numeroDistrito,numeroCanton,numeroProvincia,nombre) values(8,4,7,'Sixaola'); 
insert into Distrito(numeroDistrito,numeroCanton,numeroProvincia,nombre) values(9,4,7,'Cahuita'); 
insert into Distrito(numeroDistrito,numeroCanton,numeroProvincia,nombre) values(1,5,7,'Matina'); 
insert into Distrito(numeroDistrito,numeroCanton,numeroProvincia,nombre) values(2,5,7,'Batan'); 
insert into Distrito(numeroDistrito,numeroCanton,numeroProvincia,nombre) values(3,5,7,'Carrandi'); 
insert into Distrito(numeroDistrito,numeroCanton,numeroProvincia,nombre) values(1,6,7,'Guacimo'); 
insert into Distrito(numeroDistrito,numeroCanton,numeroProvincia,nombre) values(2,6,7,'Mercedes'); 
insert into Distrito(numeroDistrito,numeroCanton,numeroProvincia,nombre) values(3,6,7,'Pocora'); 
insert into Distrito(numeroDistrito,numeroCanton,numeroProvincia,nombre) values(4,6,7,'Rio Jimenez'); 
insert into Distrito(numeroDistrito,numeroCanton,numeroProvincia,nombre) values(5,6,7,'Duacari');




INSERT INTO persona VALUES 
		(112341111, 'Oscar', 'Arias', 'Mora', '1995-09-13', 'Lomas del Zurqui',
		'oscar.ariasmora@ucr.ac.cr',1,1,1, 'Sin Observaciones', '2017-03-01' ),
		(212342222, 'Ana', 'Rojas', 'Rojas', '1980-09-12', 'Lomas del Zurqui', 
		'ana.rojas@ucr.ac.cr',3,2,7, 'Sin Observaciones', '2017-05-02' ),
		(312343333, 'Juan', 'Valdez', 'Quintos', '1965-09-04', 'Lomas', 
		'juan.vladez@ucr.ac.cr',6,1,1, 'Sin Observaciones', '2017-09-03' ),
		(412344444, 'Fabiola', 'Ortega', 'Mondragon','1988-09-27', 'Moravia', 
		'fabiola.ortegamongragon@ucr.ac.cr',7,10,2, 'Sin Observaciones', '2017-11-04' ),
		(512345555, 'Valentina', 'Del Valle', 'Aguilar', '1979-09-13', 'Zurqui', 
		'valentina.delvalle@ucr.ac.cr',5,4,1, 'Sin Observaciones', '2017-11-04' ),
		(612346666, 'Rafael', 'Corrales', 'Marcos', '1996-11-22', 'Villangel', 
		'rafael.corrales@ucr.ac.cr',7,2,2, 'Sin Observaciones', '2017-11-04' ),
		(712347777, 'Davidson', 'Smith', 'Harley', '1999-10-13', 'Puerto', 
		'davidson.smith@ucr.ac.cr',4,1,5, 'Sin Observaciones', '2017-11-04' ),
		(812348888, 'Bjork', 'Gur', 'Bol', '1978-09-13', 'Somewhere', 
		'bjork.gur@ucr.ac.cr',2,2,2, 'Sin Observaciones', CURRENT_TIMESTAMP );

INSERT INTO telefonoPersona VALUES
		(112341111, 22345050),
		(212342222, 40679999),
		(612346666, 60783459),
		(712347777, 76908658),
		(812348888, 83889999);

INSERT INTO empleado VALUES 
		(312343333, 'jvaldez', 1357, 290000, NULL, '11 a 9', 812348888, 'Asistente Cocina' ),
		(612346666, 'rcorrales', 1234, 280000, NULL, '11 a 2', 812348888, 'Cocinero'),
		(812348888, 'bgur', 8888, 368000, NULL, '4 a 10', NULL, 'Administrador');

INSERT INTO contactoEmergencia VALUES 
		(312343333, 'El Papa', 42854285),
		(612346666, 'La Mama', 22222828),
		(812348888, 'Abuela', 88888282);

INSERT INTO cliente VALUES
		(112341111, 124, 0.3, 20000),
		(212342222, 5, 0.1, 5000),
		(412344444, 0, 0.0, 0),
		(512345555, 0, 0.0, 0),
		(712347777, 50, 0.1, 10000);

EXEC creaMesas;

INSERT INTO reserva VALUES 
	(1,3,'2017-12-14 18:30:00','Oscar','No comen carne'),
	(1,4,'2017-12-14 19:15:00','Ana','VIP'),
	(2,5,'2017-12-14 20:45:00','Luis','Vienen con hambre'),
	(1,1,'2017-12-14 20:45:00','Gustavo','Tienen ninos');

INSERT INTO orden VALUES 
	('2017-12-14 20:45:00',1000,312343333,1,1),
	('2017-12-14 18:45:00',1001,312343333,1,2),
	('2017-12-14 19:45:00',1002,312343333,1,2),
	('2017-12-14 20:45:00',1003,312343333,1,2),
	('2017-12-14 20:45:00',9000,812348888,1,3),
	('2017-12-14 19:45:00',1004,312343333,1,4),
	('2017-12-14 20:45:00',1005,312343333,1,4),
	('2017-12-14 18:45:00',1006,312343333,1,5),
	('2017-12-14 19:45:00',1007,312343333,1,5),
	('2017-12-14 20:45:00',1008,312343333,1,5),
	('2017-12-14 18:45:00',1009,612346666,2,1),
	('2017-12-14 19:45:00',1010,612346666,2,1),
	('2017-12-14 20:45:00',1011,612346666,2,1),
	('2017-12-14 20:45:00',9001,812348888,2,2),
	('2017-12-14 20:45:00',1012,612346666,2,3),
	('2017-12-14 19:45:00',1013,612346666,2,4),
	('2017-12-14 20:45:00',1014,612346666,2,4),
	('2017-12-14 21:45:00',1015,612346666,2,4),
	('2017-12-14 19:45:00',1016,612346666,2,5),
	('2017-12-14 20:45:00',1017,612346666,2,5);


INSERT INTO platillo VALUES
	--'BEBIDA'
	(101,'Coca Cola','Se compra','Fresco Azucar',1500,700,'Bebida'),
	(102,'Imperial','Se compra','Bebida Alcoholica',2000,750,'Bebida'),
	(103,'Pilsen','Se compra','Bebida Alcoholica',2000,750,'Bebida'),
	(104,'Vino','Se compra','Bebida Alcoholica',3000,2000,'Bebida'),
	(105,'Guayabana','Se compra','Fresco Natural',1000,200,'Bebida'),
	
	--'ENTRADA'
	(201,'Sopa del dia','Ideas del chef','Cacero',3500,920,'Entrada'),
	(202,'Pati','Se compra','Caceror',1500,800,'Entrada'),

	--'PLATO FUERTE'
	(301,'Rice and Beans','Se revuelven','Plato tipico caribeno',4500,1340,'Plato Fuerte'),
	(302,'Rondon','Se hace sopa','Deliciosa sopa de mariscos',6000,1780,'Plato Fuerte'),
	(303,'Sandwich de Negro','Se hace sandiwch','Especialidad del Caribe Costarricense',5500,1400,'Plato Fuerte'),
	(304,'Camarones Caribenos','Se pescan','Recomedacion del Chef',6500,2050,'Plato Fuerte'),

	--'POSTRE'
	(401,'Helado Vainilla','Se compra','Tipico Helado',1500,400,'Postre'),
	(402,'Flan de Coco','Se compra','Delicioso Flan',1500,400,'Postre'),

	--'ADICIONALES'
	(501,'Papas Fritas','Se prepara','Frescas papas francesas',1500,300,'Adicionales'),
	(502,'Chips de Camote','Se prepara','Hechos en casa',1500,390,'Adicionales'),
	(503,'Ensalada Verde','Se compra','Ensalada Cesar',1500,400,'Adicionales');


INSERT INTO ordenContienePlatillo VALUES 
	--ORDEN 1000
	('2017-12-14 20:45:00',312343333,1,1,101,4,0),
	('2017-12-14 20:45:00',312343333,1,1,302,1,0),
	('2017-12-14 20:45:00',312343333,1,1,401,1,0),
	('2017-12-14 20:45:00',312343333,1,1,503,1,0),
	
	--ORDEN 1001
	('2017-12-14 18:45:00',312343333,1,2,101,2,0),
	('2017-12-14 18:45:00',312343333,1,2,103,2,0),
	
	--ORDEN 1002
	('2017-12-14 19:45:00',312343333,1,2,201,1,0),
	
	--ORDEN 1003
	('2017-12-14 20:45:00',312343333,1,2,301,2,0),
	('2017-12-14 20:45:00',312343333,1,2,302,2,0),
	('2017-12-14 20:45:00',312343333,1,2,304,3,0),
		
	--ORDEN 9000
	('2017-12-14 20:45:00',812348888,1,3,101,2,0),
	('2017-12-14 20:45:00',812348888,1,3,301,2,0),
		
	--ORDEN 1004
	('2017-12-14 19:45:00',312343333,1,4,101,2,0),
	('2017-12-14 19:45:00',312343333,1,4,102,1,0),
	('2017-12-14 19:45:00',312343333,1,4,103,1,0),
	('2017-12-14 19:45:00',312343333,1,4,104,1,0),
	('2017-12-14 19:45:00',312343333,1,4,202,2,0),
	('2017-12-14 19:45:00',312343333,1,4,302,1,0),
	('2017-12-14 19:45:00',312343333,1,4,303,1,0),
	('2017-12-14 19:45:00',312343333,1,4,304,1,0),
	('2017-12-14 19:45:00',312343333,1,4,401,1,0),
	('2017-12-14 19:45:00',312343333,1,4,501,1,0),
	('2017-12-14 19:45:00',312343333,1,4,502,1,0),
		
	--ORDEN 1005
	('2017-12-14 20:45:00',312343333,1,4,202,2,0),
	('2017-12-14 20:45:00',312343333,1,4,402,1,0),
		
	--ORDEN 1006
	('2017-12-14 18:45:00',312343333,1,5,104,2,0),
	('2017-12-14 18:45:00',312343333,1,5,402,2,0),
		
	--ORDEN 1007
	('2017-12-14 19:45:00',312343333,1,5,101,2,0),
	('2017-12-14 19:45:00',312343333,1,5,202,1,0),
	('2017-12-14 19:45:00',312343333,1,5,502,1,0),
		
	--ORDEN 1008
	('2017-12-14 20:45:00',312343333,1,5,104,1,0),
	('2017-12-14 20:45:00',312343333,1,5,304,1,0),
		
	--ORDEN 1009
	('2017-12-14 18:45:00',612346666,2,1,101,1,0),
	('2017-12-14 18:45:00',612346666,2,1,501,1,0),
		
	--ORDEN 1010
	('2017-12-14 19:45:00',612346666,2,1,103,1,0),
	('2017-12-14 19:45:00',612346666,2,1,201,1,0),
		
	--ORDEN 1011
	('2017-12-14 20:45:00',612346666,2,1,102,1,0),
	('2017-12-14 20:45:00',612346666,2,1,301,1,0),
	('2017-12-14 20:45:00',612346666,2,1,401,1,0),
		
	--ORDEN 9001
	('2017-12-14 20:45:00',812348888,2,2,102,1,0),
	('2017-12-14 20:45:00',812348888,2,2,501,1,0),
		
	--ORDEN 1012
	('2017-12-14 20:45:00',612346666,2,3,104,2,0),
	('2017-12-14 20:45:00',612346666,2,3,303,1,0),
		
	--ORDEN 1013
	('2017-12-14 19:45:00',612346666,2,4,102,2,0),
	('2017-12-14 19:45:00',612346666,2,4,302,1,0),
	('2017-12-14 19:45:00',612346666,2,4,402,1,0),
		
	--ORDEN 1014
	('2017-12-14 20:45:00',612346666,2,4,102,2,0),
	('2017-12-14 20:45:00',612346666,2,4,202,1,0),
	('2017-12-14 20:45:00',612346666,2,4,302,1,0),
		
	--ORDEN 1015
	('2017-12-14 21:45:00',612346666,2,4,101,1,0),
	('2017-12-14 21:45:00',612346666,2,4,301,1,0),
	('2017-12-14 21:45:00',612346666,2,4,501,1,0),
		
	--ORDEN 1016
	('2017-12-14 19:45:00',612346666,2,5,101,4,0),
	('2017-12-14 19:45:00',612346666,2,5,302,1,0),
		
	--ORDEN 1017
	('2017-12-14 20:45:00',612346666,2,5,105,1,0),
	('2017-12-14 20:45:00',612346666,2,5,401,1,0),
	('2017-12-14 20:45:00',612346666,2,5,501,1,0);

